geoitem,geolevel,period,MO_10a
cr38,corop_id,2014,4.133678193787251
cr38,corop_id,2018,4.170056764383863
cr38,corop_id,2020,4.169843948658051
cr38,corop_id,2022,4.179325403299275
cr37,corop_id,2014,4.122435223507652
cr37,corop_id,2018,4.138045408741423
cr37,corop_id,2020,4.14349466872816
cr37,corop_id,2022,4.142993536983281
cr39,corop_id,2014,4.09408881144599
cr39,corop_id,2018,4.12606297613376
cr39,corop_id,2020,4.136129535518751
cr39,corop_id,2022,4.149282951863983
